No,name,score,recommendation,yanyuan,daoyan,year,country,classes
1,肖申克的救赎,9.7,希望让人自由。,主演: 蒂姆·罗宾斯 Tim Robbins /...,导演: 弗兰克·德拉邦特 Frank Darabont,1994,美国,犯罪 剧情
2,霸王别姬,9.6,风华绝代。,主演: 张国荣 Leslie Cheung / 张丰毅 Fengyi Zha...,导演: 陈凯歌 Kaige Chen,1993,中国大陆 中国香港,剧情 爱情 同性
3,阿甘正传,9.5,一部美国近现代史。,主演: 汤姆·汉克斯 Tom Hanks / ...,导演: 罗伯特·泽米吉斯 Robert Zemeckis,1994,美国,剧情 爱情
4,泰坦尼克号,9.5,失去的才是永恒的。 ,主演: 莱昂纳多·迪卡普里奥 Leonardo...,导演: 詹姆斯·卡梅隆 James Cameron,1997,美国 墨西哥,剧情 爱情 灾难
5,这个杀手不太冷,9.4,怪蜀黍和小萝莉不得不说的故事。,主演: 让·雷诺 Jean Reno / 娜塔莉·波特曼 ...,导演: 吕克·贝松 Luc Besson,1994,法国 美国,剧情 动作 犯罪
6,美丽人生,9.6,最美的谎言。,主演: 罗伯托·贝尼尼 Roberto Beni...,导演: 罗伯托·贝尼尼 Roberto Benigni,1997,意大利,剧情 喜剧 爱情 战争
7,千与千寻,9.4,最好的宫崎骏，最好的久石让。 ,主演: 柊瑠美 Rumi Hîragi / 入野自由 Miy...,导演: 宫崎骏 Hayao Miyazaki,2001,日本,剧情 动画 奇幻
8,辛德勒的名单,9.6,拯救一个人，就是拯救整个世界。,主演: 连姆·尼森 Liam Neeson...,导演: 史蒂文·斯皮尔伯格 Steven Spielberg,1993,美国,剧情 历史 战争
9,星际穿越,9.4,爱是一种力量，让我们超越时空感知它的存在。,主演: 马修·麦康纳 Matthew Mc...,导演: 克里斯托弗·诺兰 Christopher Nolan,2014,美国 英国 加拿大,剧情 科幻 冒险
10,盗梦空间,9.4,诺兰给了我们一场无法盗取的梦。,主演: 莱昂纳多·迪卡普里奥 Le...,导演: 克里斯托弗·诺兰 Christopher Nolan,2010,美国 英国,剧情 科幻 悬疑 冒险
11,楚门的世界,9.4,如果再也不能见到你，祝你早安，午安，晚安。,主演: 金·凯瑞 Jim Carrey / 劳拉·琳妮 Lau...,导演: 彼得·威尔 Peter Weir,1998,美国,剧情 科幻
12,忠犬八公的故事,9.4,永远都不能忘记你所爱的人。,主演: 理查·基尔 Richard Ger...,导演: 莱塞·霍尔斯道姆 Lasse Hallström,2009,美国 英国,剧情
13,海上钢琴师,9.3,每个人都要走一条自己坚定了的路，就算是粉身碎骨。 ,主演: 蒂姆·罗斯 Tim Roth / ...,导演: 朱塞佩·托纳多雷 Giuseppe Tornatore,1998,意大利,剧情 音乐
14,三傻大闹宝莱坞,9.2,英俊版憨豆，高情商版谢耳朵。,主演: 阿米尔·汗 Aamir Khan / 卡...,导演: 拉库马·希拉尼 Rajkumar Hirani,2009,印度,剧情 喜剧 爱情 歌舞
15,放牛班的春天,9.3,天籁一般的童声，是最接近上帝的存在。 ,主演: 让-巴蒂斯特·莫尼...,导演: 克里斯托夫·巴拉蒂 Christophe Barratier,2004,法国 瑞士 德国,剧情 音乐
16,机器人总动员,9.3,小瓦力，大人生。,主演: 本·贝尔特 Ben Burtt / 艾丽...,导演: 安德鲁·斯坦顿 Andrew Stanton,2008,美国,科幻 动画 冒险
17,无间道,9.3,香港电影史上永不过时的杰作。,主演: 刘德华 Andy Lau / 梁朝伟 Tony Leung Chiu W...,导演: 刘伟强 / 麦兆辉,2002,中国香港,剧情 犯罪 惊悚
18,疯狂动物城,9.2,迪士尼给我们营造的乌托邦就是这样，永远善良勇敢，永远出乎意料。,主演: 金妮弗·...,导演: 拜伦·霍华德 Byron Howard / 瑞奇·摩尔 Rich Moore,2016,美国,喜剧 动画 冒险
19,控方证人,9.6,比利·怀德满分作品。,主演: 泰隆·鲍华 Tyrone Power / 玛琳·...,导演: 比利·怀尔德 Billy Wilder,1957,美国,剧情 犯罪 悬疑
20,大话西游之大圣娶亲,9.2,一生所爱。,主演: 周星驰 Stephen Chow / 吴孟达 Man Tat Ng...,导演: 刘镇伟 Jeffrey Lau,1995,中国香港 中国大陆,喜剧 爱情 奇幻 古装
21,熔炉,9.4,我们一路奋战不是为了改变世界，而是为了不让世界改变我们。,主演: 孔侑 Yoo Gong / 郑有美 Yu-mi Jung /...,导演: 黄东赫 Dong-hyuk Hwang,2011,韩国,剧情
22,教父,9.3,千万不要记恨你的对手，这样会让你失去理智。,主演: 马龙·白兰度 M...,导演: 弗朗西斯·福特·科波拉 Francis Ford Coppola,1972,美国,剧情 犯罪
23,触不可及,9.3,满满温情的高雅喜剧。,主...,导演: 奥利维·那卡什 Olivier Nakache / 艾力克·托兰达 Eric Toledano,2011,法国,剧情 喜剧
24,当幸福来敲门,9.2,平民励志片。 ,主演: 威尔·史密斯 Will Smith ...,导演: 加布里尔·穆奇诺 Gabriele Muccino,2006,美国,剧情 传记 家庭
25,怦然心动,9.1,真正的幸福是来自内心深处。,主演: 玛德琳·卡罗尔 Madeline Carroll / 卡...,导演: 罗伯·莱纳 Rob Reiner,2010,美国,剧情 喜剧 爱情
26,龙猫,9.2,人人心中都有个龙猫，童年就永远不会消失。,主演: 日高法子 Noriko Hidaka / 坂本千夏 Ch...,导演: 宫崎骏 Hayao Miyazaki,1988,日本,动画 奇幻 冒险
27,末代皇帝,9.3,“不要跟我比惨，我比你更惨”再适合这部电影不过了。,主演: 尊龙 John Lone / 陈...,导演: 贝纳尔多·贝托鲁奇 Bernardo Bertolucci,1987,英国 意大利 中国大陆 法国,剧情 传记 历史
28,寻梦环游记,9.1,死亡不是真的逝去，遗忘才是永恒的消亡。,主演: ...,导演: 李·昂克里奇 Lee Unkrich / 阿德里安·莫利纳 Adrian Molina,2017,美国,喜剧 动画 奇幻 音乐
29,活着,9.3,张艺谋最好的电影。,主演: 葛优 You Ge / 巩俐 Li Gong / 姜武 Wu Jiang,导演: 张艺谋 Yimou Zhang,1994,中国大陆 中国香港,剧情 历史 家庭
30,蝙蝠侠：黑暗骑士,9.2,无尽的黑暗。,主演: 克里斯蒂安·贝尔 Christ...,导演: 克里斯托弗·诺兰 Christopher Nolan,2008,美国 英国,剧情 动作 科幻 犯罪 惊悚
31,哈利·波特与魔法石,9.2,童话世界的开端。,主演: Daniel Radcliffe / Emma Watson / Rupert Grint,导演: Chris Columbus,2001,美国 英国,奇幻 冒险
32,指环王3：王者无敌,9.3,史诗的终章。,主演: 伊利亚·伍德 Elijah Wood / 西恩...,导演: 彼得·杰克逊 Peter Jackson,2003,美国 新西兰,剧情 动作 奇幻 冒险
33,乱世佳人,9.3,Tomorrow is another day.,主演: 费...,导演: 维克多·弗莱明 Victor Fleming / 乔治·库克 George Cukor,1939,美国,剧情 历史 爱情 战争
34,我不是药神,9.0,对我们国家而言，这样的电影多一部是一部。,主演: 徐峥 Zheng Xu / 王传君 Chuanjun Wang / 周...,导演: 文牧野 Muye Wen,2018,中国大陆,剧情 喜剧
35,素媛,9.3,受过伤害的人总是笑得最开心，因为他们不愿意让身边的人承受一样的痛苦。,主演: 薛景求 Kyung-gu Sol / 严志媛 Ji-won Uhm ...,导演: 李濬益 Jun-ik Lee,2013,韩国,剧情
36,飞屋环游记,9.1,最后那些最无聊的事情，才是最值得怀念的。 ,主演: 爱德...,导演: 彼特·道格特 Pete Docter / 鲍勃·彼德森 Bob Peterson,2009,美国,剧情 喜剧 动画 冒险
37,十二怒汉,9.4,1957年的理想主义。 ,主演: 亨利·方达 Henry Fonda / 马丁·鲍尔萨姆 Marti...,导演: Sidney Lumet,1957,美国,剧情
38,哈尔的移动城堡,9.1,带着心爱的人在天空飞翔。,主演: 倍赏千惠子 Chieko Baishô / 木村拓...,导演: 宫崎骏 Hayao Miyazaki,2004,日本,动画 奇幻 冒险
39,何以为家,9.1,凝视卑弱生命，用电影改变命运。,主演: 扎因·拉费阿 Zain al-Rafeea / ...,导演: 娜丁·拉巴基 Nadine Labaki,2018,黎巴嫩 美国 法国 塞浦路斯 卡塔尔 英国,剧情
40,摔跤吧！爸爸,9.0,你不是在为你一个人战斗，你要让千千万万的女性看到女生并不是只能相夫教子。,主演: 阿米尔·汗 Aamir Khan / 法缇玛...,导演: 涅提·蒂瓦里 Nitesh Tiwari,2016,印度,剧情 传记 运动 家庭
41,鬼子来了,9.3,对敌人的仁慈，就是对自己残忍。,主演: 姜文 Wen Jiang / 香川照之 Teruyuki Kagawa /...,导演: 姜文 Wen Jiang,2000,中国大陆,剧情 喜剧
42,让子弹飞,9.0,你给我翻译翻译，神马叫做TMD的惊喜。,主演: 姜文 Wen Jiang / 葛优 You Ge / 周润发 Yun-F...,导演: 姜文 Wen Jiang,2010,中国大陆 中国香港,剧情 喜剧 动作 西部
43,少年派的奇幻漂流,9.1,瑰丽壮观、无人能及的冒险之旅。,主演: 苏拉·沙玛 Suraj Sharma / 伊尔凡·可汗 Irrfan...,导演: 李安 Ang Lee,2012,美国 中国台湾 英国 加拿大,剧情 奇幻 冒险
44,猫鼠游戏,9.1,骗子大师和执著警探的你追我跑故事。 ,主演: 莱昂纳多·迪卡普里奥 L...,导演: 史蒂文·斯皮尔伯格 Steven Spielberg,2002,美国 加拿大,传记 犯罪 剧情
45,海蒂和爷爷,9.3,如果生活中有什么使你感到快乐，那就去做吧！不要管别人说什么。,主演: 阿努克·斯特芬 Anuk Steffen /...,导演: 阿兰·葛斯彭纳 Alain Gsponer,2015,德国 瑞士,剧情 冒险 家庭
46,钢琴家,9.3,音乐能化解仇恨。,主演: 艾德里安·布洛迪 Adrien Brod...,导演: 罗曼·波兰斯基 Roman Polanski,2002,英国 法国 波兰 德国,剧情 传记 战争 音乐
47,大话西游之月光宝盒,9.0,旷古烁今。,主演: 周星驰 Stephen Chow / 吴孟达 Man Tat Ng...,导演: 刘镇伟 Jeffrey Lau,1995,中国香港 中国大陆,喜剧 爱情 奇幻 古装
48,天空之城,9.2,对天空的追逐，永不停止。 ,主演: 田中真弓 Mayumi Tanaka / 横泽启子 Ke...,导演: 宫崎骏 Hayao Miyazaki,1986,日本,动画 奇幻 冒险
49,指环王2：双塔奇兵,9.2,承前启后的史诗篇章。,主演: 伊利亚·伍德 Elijah Wood / 西恩...,导演: 彼得·杰克逊 Peter Jackson,2002,美国 新西兰,剧情 动作 奇幻 冒险
50,闻香识女人,9.1,史上最美的探戈。,主演: 阿尔·帕西诺 Al Pacino / 克里斯...,导演: 马丁·布莱斯 Martin Brest,1992,美国,剧情
51,罗马假日,9.1,爱情哪怕只有一天。,主演: 奥黛丽·赫本 Audrey Hepburn / 格...,导演: 威廉·惠勒 William Wyler,1953,美国,喜剧 剧情 爱情
52,天堂电影院,9.2,那些吻戏，那些青春，都在影院的黑暗里被泪水冲刷得无比清晰。,主演: 菲利普·努瓦雷 Philipp...,导演: 朱塞佩·托纳多雷 Giuseppe Tornatore,1988,意大利 法国,剧情 爱情
53,死亡诗社,9.2,当一个死水般的体制内出现一个活跃的变数时，所有的腐臭都站在了光明的对面。,主演: 罗宾·威廉姆斯 Robin Williams / 罗伯...,导演: 彼得·威尔 Peter Weir,1989,美国,剧情
54,绿皮书,8.9,去除成见，需要勇气。,主演: 维果·莫腾森 Viggo Mortensen /...,导演: 彼得·法雷里 Peter Farrelly,2018,美国 中国大陆,剧情 喜剧 传记 音乐
55,大闹天宫,9.4,经典之作，历久弥新。,主演: 邱岳峰 Yuefeng Qiu / 富润生 Runsheng Fu...,导演: 万籁鸣 Laiming Wan,1961(中国大陆) / 1964(中国大陆) / 1978(中国大陆),中国大陆,剧情 动画 奇幻 古装
56,指环王1：护戒使者,9.1,传说的开始。,主演: 伊利亚·伍德 Elijah Wood / 西恩...,导演: 彼得·杰克逊 Peter Jackson,2001,新西兰 美国,剧情 动作 奇幻 冒险
57,黑客帝国,9.1,视觉革命。,主...,导演: 安迪·沃卓斯基 Andy Wachowski / 拉娜·沃卓斯基 Lana Wachowski,1999,美国,动作 科幻
58,教父2,9.3,优雅的孤独。,主演: 阿尔·帕西诺 A...,导演: 弗朗西斯·福特·科波拉 Francis Ford Coppola,1974,美国,剧情 犯罪
59,狮子王,9.1,动物版《哈姆雷特》。,主演: 乔纳森·泰勒·托马...,导演: Roger Allers / 罗伯·明可夫 Rob Minkoff,1994,美国,动画 冒险 歌舞
60,辩护人,9.2,电影的现实意义大过电影本身。,主演: 宋康昊 Kang-ho Song / 金英爱 Yeong-ae...,导演: 杨宇硕 Woo-seok Yang,2013,韩国,剧情
61,饮食男女,9.2,人生不能像做菜，把所有的料都准备好了才下锅。,主演: 郎雄 Sihung Lung / 杨贵媚 Kuei-Mei Yang / 吴...,导演: 李安 Ang Lee,1994,中国台湾 美国,剧情 家庭
62,搏击俱乐部,9.0,邪恶与平庸蛰伏于同一个母体，在特定的时间互相对峙。,主演: 爱德华·诺顿 Edward Norton / 布拉...,导演: 大卫·芬奇 David Fincher,1999,美国,剧情 动作 悬疑 惊悚
63,美丽心灵,9.1,爱是一切逻辑和原由。,主演: 罗素·克劳 Russell Crowe / 艾德·哈...,导演: 朗·霍华德 Ron Howard,2001,美国,传记 剧情
64,本杰明·巴顿奇事,9.0,在时间之河里感受溺水之苦。,主演: 凯特·布兰切特 Cate Blanchett / ...,导演: 大卫·芬奇 David Fincher,2008,美国,剧情 爱情 奇幻
65,穿条纹睡衣的男孩,9.2,尽管有些不切实际的幻想，这部电影依旧是一部感人肺腑的佳作。,主演: 阿萨·巴特菲尔德 Asa Butterfield ...,导演: 马克·赫尔曼 Mark Herman,2008,英国 美国,剧情 战争
66,窃听风暴,9.2,别样人生。,,导演: 弗洛里安·亨克尔·冯·多纳斯马尔克 Florian Henckel von Donnersmarck  &n...,2006,德国,剧情 悬疑
67,情书,8.9,暗恋的极致。,主演: 中山美穗 Miho Nakayama / 丰川悦司 Ets...,导演: 岩井俊二 Shunji Iwai,1995,日本,剧情 爱情
68,两杆大烟枪,9.1,4个臭皮匠顶个诸葛亮，盖·里奇果然不是盖的。,主演: Jason Flemyng / Dexter Fletcher / Nick Moran,导演: Guy Ritchie,1998,英国,剧情 喜剧 犯罪
69,西西里的美丽传说,8.9,美丽无罪。,主演: 莫妮卡·贝鲁奇 Monica ...,导演: 朱塞佩·托纳多雷 Giuseppe Tornatore,2000,意大利 美国,剧情 战争 情色
70,音乐之声,9.1,用音乐化解仇恨，让歌声串起美好。,主演: 朱莉·安德鲁斯 Julie Andrews / 克...,导演: 罗伯特·怀斯 Robert Wise,1965,美国,剧情 传记 爱情 歌舞
71,看不见的客人,8.8,你以为你以为的就是你以为的。,主演: 马里奥·卡萨斯 Mario Casas / 阿...,导演: 奥里奥尔·保罗 Oriol Paulo,2016,西班牙,剧情 犯罪 悬疑 惊悚
72,阿凡达,8.8,绝对意义上的美轮美奂。,主演: 萨姆·沃辛顿 Sam Worthington ...,导演: 詹姆斯·卡梅隆 James Cameron,2009,美国,动作 科幻 冒险
73,拯救大兵瑞恩,9.1,美利坚精神输出大片No1.,主演: 汤姆·汉克斯 Tom Hanks...,导演: 史蒂文·斯皮尔伯格 Steven Spielberg,1998,美国,剧情 战争
74,小鞋子,9.2,奔跑的孩子是天使。,主演: 默罕默德·阿米尔·纳吉 Mohamma...,导演: 马基德·马基迪 Majid Majidi,1997,伊朗,剧情 儿童 家庭
75,飞越疯人院,9.1,自由万岁。,主演: 杰克·尼科尔森 Jack Nichols...,导演: 米洛斯·福尔曼 Miloš Forman,1975,美国,剧情
76,哈利·波特与死亡圣器(下),9.0,10年的完美句点。,主演: 丹尼尔·雷德克里夫 Daniel Radcliffe...,导演: 大卫·叶茨 David Yates,2011,美国 英国,奇幻 冒险
77,沉默的羔羊,8.9,安东尼·霍普金斯的顶级表演。,主演: 朱迪·福斯特 Jodie Foster / 安...,导演: 乔纳森·戴米 Jonathan Demme,1991,美国,剧情 犯罪 惊悚
78,布达佩斯大饭店,8.9,小清新的故事里注入了大历史的情怀。,主演: 拉尔夫·费因斯 Ralph Fiennes / ...,导演: 韦斯·安德森 Wes Anderson,2014,美国 德国 英国,剧情 喜剧 冒险
79,禁闭岛,8.9,昔日翩翩少年，今日大腹便便。,主演: 莱昂纳多·迪卡普里奥 Leonardo DiCaprio / ...,导演: Martin Scorsese,2010,美国,剧情 悬疑 惊悚
80,蝴蝶效应,8.9,人的命运被自己瞬间的抉择改变。,主...,导演: 埃里克·布雷斯 Eric Bress / J·麦基·格鲁伯 J. Mackye Gruber,2004,美国 加拿大,剧情 悬疑 科幻 惊悚
81,致命魔术,8.9,孪生蝙蝠侠大战克隆金刚狼。,主演: 休·杰克曼 Hugh Jackman...,导演: 克里斯托弗·诺兰 Christopher Nolan,2006,英国 美国,剧情 悬疑 惊悚
82,功夫,8.8,警恶惩奸，维护世界和平这个任务就交给你了，好吗？,主演: 周星驰 Stephen Chow / 元秋 Qiu Yuen / ...,导演: 周星驰 Stephen Chow,2004,中国大陆 中国香港,动作 喜剧 犯罪 奇幻
83,海豚湾,9.3,海豚的微笑，是世界上最高明的伪装。,主演: Richard O'Barry / 路易·西霍...,导演: 路易·西霍尤斯 Louie Psihoyos,2009,美国,纪录片
84,心灵捕手,8.9,人生中应该拥有这样的一段豁然开朗。,主演: 马特·达蒙 Matt Damon / 罗宾·...,导演: 格斯·范·桑特 Gus Van Sant,1997,美国,剧情
85,低俗小说,8.9,故事的高级讲法。,主演: 约翰·特拉沃尔塔 John Tra...,导演: 昆汀·塔伦蒂诺 Quentin Tarantino,1994,美国,剧情 喜剧 犯罪
86,哈利·波特与阿兹卡班的囚徒,8.9,不一样的导演，不一样的哈利·波特。,主演: 丹尼尔·雷德克里夫 Daniel Radcliffe / Emma...,导演: Alfonso Cuarón,2004,英国 美国,奇幻 冒险
87,春光乍泄,9.0,爱情纠缠，男女一致。,主演: 张国荣 Leslie Cheung / 梁朝伟 Tony Leu...,导演: 王家卫 Kar Wai Wong,1997,中国香港 日本 韩国,剧情 爱情 同性
88,美国往事,9.2,往事如烟，无处祭奠。,主演: 罗伯特·德尼罗 Robert De Niro ...,导演: 赛尔乔·莱翁内 Sergio Leone,1984,美国 意大利,犯罪 剧情
89,摩登时代,9.3,大时代中的人生，小人物的悲喜。,主演: 查理·卓别林 Charles Chaplin ...,导演: 查理·卓别林 Charles Chaplin,1936,美国,剧情 喜剧 爱情
90,超脱,9.0,穷尽一生，我们要学会的，不过是彼此拥抱。,主演: 艾德里安·布洛迪 Adrien Brody / 马西...,导演: 托尼·凯耶 Tony Kaye,2011,美国,剧情
91,喜剧之王,8.8,我是一个演员。,主演: 周星驰 Stephen Ch...,导演: 周星驰 Stephen Chow / 李力持 Lik-Chi Lee,1999,中国香港,喜剧 剧情 爱情
92,致命ID,8.9,最不可能的那个人永远是最可能的。,主演: 约翰·库萨克 John Cusack / 雷...,导演: 詹姆斯·曼高德 James Mangold,2003,美国,剧情 悬疑 惊悚
93,杀人回忆,8.9,关于连环杀人悬案的集体回忆。,主演: 宋康昊 Kang-ho Song / 金相庆 Sang-kyun...,导演: 奉俊昊 Joon-ho Bong,2003,韩国,剧情 动作 犯罪 悬疑 惊悚
94,七宗罪,8.8,警察抓小偷，老鼠玩死猫。,主演: 摩根·弗里曼 Morgan Freeman / 布...,导演: 大卫·芬奇 David Fincher,1995,美国,剧情 犯罪 悬疑 惊悚
95,红辣椒,9.1,梦的勾结。,主演: 林原惠美 Megumi Hayashibara / 江守彻 Toru...,导演: 今敏 Satoshi Kon,2006,日本,动画 悬疑 科幻 惊悚
96,加勒比海盗,8.8,约翰尼·德普的独角戏。,主演: 约翰尼·德普 Johnny Depp / ...,导演: 戈尔·维宾斯基 Gore Verbinski,2003,美国,动作 冒险 奇幻
97,哈利·波特与密室,8.8,魔法的密室之门已打开...,主演: 丹尼尔·雷德克里夫 Daniel Radcliffe / 艾玛...,导演: Chris Columbus,2002,英国 美国,奇幻 冒险
98,狩猎,9.1,人言可畏。,主演: 麦斯·米科尔森 Mads Mik...,导演: 托马斯·温特伯格 Thomas Vinterberg,2012,丹麦 瑞典,剧情
99,一一,9.1,我们都曾经是一一。,主演: 吴念真 / 李凯莉 Kelly Lee / 金燕玲 Elai...,导演: 杨德昌 Edward Yang,2000,中国台湾 日本,剧情 爱情 家庭
100,7号房的礼物,8.9,《我是山姆》的《美丽人生》。,主演: 柳承龙 Seung-yong Ryoo / 朴信惠 Shi...,导演: 李焕庆 Hwan-kyeong Lee,2013,韩国,剧情 喜剧 家庭
101,被嫌弃的松子的一生,8.9,以戏谑来戏谑戏谑。,主演: 中谷美纪 Miki Nakatani / 瑛太 E...,导演: 中岛哲也 Tetsuya Nakashima,2006,日本,剧情 歌舞
102,唐伯虎点秋香,8.7,华太师是黄霑，吴镇宇四大才子之一。,主演: 周星驰 Stephen Chow / 巩俐 Li Gong / 陈...,导演: 李力持 Lik-Chi Lee,1993,中国香港,喜剧 爱情 古装
103,请以你的名字呼唤我,8.9,沉醉在电影的情感和视听氛围中无法自拔。,主演: 艾米·汉莫 Armie Hammer / ...,导演: 卢卡·瓜达尼诺 Luca Guadagnino,2017,意大利 法国 巴西 美国,剧情 爱情 同性
104,断背山,8.8,每个人心中都有一座断背山。,主演: 希斯·莱杰 Heath Ledger / 杰克·吉伦哈尔 Jake...,导演: 李安 Ang Lee,2005,美国 加拿大,剧情 爱情 同性 家庭
105,剪刀手爱德华,8.7,浪漫忧郁的成人童话。,主演: 约翰尼·德普 Johnny Depp / 薇诺娜·...,导演: 蒂姆·波顿 Tim Burton,1990,美国,剧情 奇幻 爱情
106,勇敢的心,8.9,史诗大片的典范。,主演: 梅尔·吉布森 Mel Gibson / 苏菲·玛...,导演: 梅尔·吉布森 Mel Gibson,1995,美国,动作 传记 剧情 历史 战争
107,入殓师,8.9,死可能是一道门，逝去并不是终结，而是超越，走向下一程。,主演: 本木雅弘 Masahiro Motoki / ...,导演: 泷田洋二郎 Yôjirô Takita,2008,日本,剧情
108,爱在黎明破晓前,8.8,缘分是个连绵词，最美不过一瞬。,主演: 伊桑·霍克 Ethan Hawke ...,导演: 理查德·林克莱特 Richard Linklater,1995,美国 奥地利 瑞士,剧情 爱情
109,第六感,8.9,深入内心的恐怖，出人意料的结局。,主演: 布鲁斯·威利斯 Bruce Wi...,导演: M·奈特·沙马兰 M. Night Shyamalan,1999,美国,剧情 悬疑 惊悚
110,重庆森林,8.8,寂寞没有期限。,主演: 林青霞 Brigitte Lin / 金城武 Takeshi K...,导演: 王家卫 Kar Wai Wong,1994,中国香港,剧情 爱情
111,蝙蝠侠：黑暗骑士崛起,8.8,诺兰就是保证。,主演: 克里斯蒂安·贝尔 Christ...,导演: 克里斯托弗·诺兰 Christopher Nolan,2012,美国 英国,剧情 动作 科幻 犯罪 惊悚
112,幽灵公主,8.9,人与自然的战争史诗。,主演: 松田洋治 Yôji Matsuda / 石田百合...,导演: 宫崎骏 Hayao Miyazaki,1997,日本,动画 奇幻 冒险
113,超能陆战队,8.7,Balalala~~~,主演: 斯科特...,导演: 唐·霍尔 Don Hall / 克里斯·威廉姆斯 Chris Williams,2014,美国,喜剧 动作 科幻 动画 冒险
114,菊次郎的夏天,8.9,从没见过那么流氓的温柔，从没见过那么温柔的流氓。,主演: 北野武 Takeshi Kitano / 关口雄介 Yus...,导演: 北野武 Takeshi Kitano,1999,日本,剧情 喜剧
115,爱在日落黄昏时,8.9,九年后的重逢是世俗和责任的交叠，没了悸动和青涩，沧桑而温暖。,主演: 伊桑·霍克 Ethan Hawke ...,导演: 理查德·林克莱特 Richard Linklater,2004,美国 法国,剧情 爱情
116,甜蜜蜜,8.9,相逢只要一瞬间，等待却像是一辈子。,主演: 黎明 Leon Lai / 张曼玉 Maggie Cheung / ...,导演: 陈可辛 Peter Chan,1996,中国香港,剧情 爱情
117,天使爱美丽,8.7,法式小清新。 ,主演: 奥黛丽·塔图 Audrey Tau...,导演: 让-皮埃尔·热内 Jean-Pierre Jeunet,2001,法国 德国,剧情 喜剧 爱情
118,阳光灿烂的日子,8.9,一场华丽的意淫。,主演: 夏雨 Yu Xia / 宁静 Jing Ning / 陶虹 Hong Tao,导演: 姜文 Wen Jiang,1994,中国大陆 中国香港,剧情 爱情
119,小森林 夏秋篇,9.0,那些静得只能听见呼吸的日子里，你明白孤独即生活。,主演: 桥本爱 Ai Hashimoto / 三浦贵大 Takahir...,导演: 森淳一 Junichi Mori,2014,日本,剧情
120,完美的世界,9.1,坏人的好总是比好人的好来得更感人。,主演: 凯文·科斯特纳 Kevin Cos...,导演: 克林特·伊斯特伍德 Clint Eastwood,1993,美国,剧情 犯罪
121,借东西的小人阿莉埃蒂,8.9,曾经的那段美好会沉淀为一辈子的记忆。,主演: 志田未来 Mirai Shida / 神木...,导演: 米林宏昌 Hiromasa Yonebayashi,2010,日本,动画 奇幻 冒险
122,无人知晓,9.1,我的平常生活就是他人的幸福。,主演: 柳乐优弥 Yûya Yagira / 北浦爱...,导演: 是枝裕和 Hirokazu Koreeda,2004,日本,剧情
123,消失的爱人,8.7,年度最佳date movie。,主演: 本·阿弗莱克 Ben Affleck / 罗莎蒙...,导演: 大卫·芬奇 David Fincher,2014,美国,剧情 犯罪 悬疑 惊悚
124,倩女幽魂,8.8,两张绝世的脸。 ,主演: 张国荣 Leslie Cheung / 王祖贤 Joey W...,导演: 程小东 Siu-Tung Ching,1987,中国香港,爱情 奇幻 武侠 古装
125,寄生虫,8.8,,主演: 宋康昊 Kang-ho Song / 李善均 Seon-gyun...,导演: 奉俊昊 Joon-ho Bong,2019,韩国,剧情
126,侧耳倾听,8.9,少女情怀总是诗。,主演: 本名阳子 Youko Honna / 小林桂树 K...,导演: 近藤喜文 Yoshifumi Kondo,1995,日本,剧情 爱情 动画
127,时空恋旅人,8.8,把每天当作最后一天般珍惜度过，积极拥抱生活，就是幸福。,主演: 多姆纳尔·格里森 Domhnall Gl...,导演: 理查德·柯蒂斯 Richard Curtis,2013,英国,喜剧 爱情 奇幻
128,小森林 冬春篇,9.0,尊敬他人，尊敬你生活的这片土地，明白孤独是人生的常态。,主演: 桥本爱 Ai Hashimoto / 三浦贵大 Takahir...,导演: 森淳一 Junichi Mori,2015,日本,剧情
129,幸福终点站,8.8,有时候幸福需要等一等。 ,主演: 汤姆·汉克斯 Tom Hanks...,导演: 史蒂文·斯皮尔伯格 Steven Spielberg,2004,美国,喜剧 剧情 爱情
130,驯龙高手,8.8,和谐的生活离不开摸头与被摸头。,主演:...,导演: 迪恩·德布洛斯 Dean DeBlois / 克里斯·桑德斯 Chris Sanders,2010,美国,动画 奇幻 冒险
131,教父3,9.0,任何信念的力量，都无法改变命运。,主演: 阿尔·帕西诺 A...,导演: 弗朗西斯·福特·科波拉 Francis Ford Coppola,1990,美国,剧情 犯罪
132,一个叫欧维的男人决定去死,8.9,惠及一生的美丽。,主演: 罗夫·拉斯加德 Rolf Lassgård...,导演: 汉内斯·赫尔姆 Hannes Holm,2015,瑞典,剧情
133,未麻的部屋,9.1,好的剧本是，就算你猜到了结局也猜不到全部。,主演: 岩男润子 Junko Iwao / 松本梨香 Rica Matsu...,导演: 今敏 Satoshi Kon,1997,日本,动画 奇幻 惊悚
134,萤火之森,8.9,触不到的恋人。,主演: 佐仓绫音 Ayane Sakura / 内山昂辉 K...,导演: 大森贵弘 Takahiro Omori,2011,日本,剧情 爱情 动画 奇幻
135,怪兽电力公司,8.8,不要给它起名字，起了名字就有感情了。,主演: 约...,导演: 彼特·道格特 Pete Docter / 大卫·斯沃曼 David Silverman,2001,美国,儿童 喜剧 动画 奇幻 冒险
136,哈利·波特与火焰杯,8.8,,主演: 丹尼尔·雷德克里夫 Daniel Radclif...,导演: 迈克·内威尔 Mike Newell,2005,英国 美国,悬疑 奇幻 冒险
137,玩具总动员3,8.9,跨度十五年的欢乐与泪水。,主演: 汤姆·汉克斯 Tom Hanks / 蒂姆·艾...,导演: 李·昂克里奇 Lee Unkrich,2010,美国,喜剧 动画 奇幻 冒险
138,傲慢与偏见,8.7,爱是摈弃傲慢与偏见之后的曙光。,主演: 凯拉·奈特莉 Keira Knightley / 马修·...,导演: 乔·怀特 Joe Wright,2005,法国 英国 美国,剧情 爱情
139,新世界,8.9,要做就做得狠一点，这样才能活下去。,主演: 李政宰 Jung-Jae Lee / 崔岷植 Min-sik...,导演: 朴勋政 Hoon-jung Park,2013,韩国,剧情 犯罪
140,釜山行,8.6,揭露人性的丧尸题材力作。,主演: 孔侑 Yoo Gong / 郑有美 Yu-mi Jung / 马...,导演: 延尚昊 Sang-ho Yeon,2016,韩国,动作 惊悚 灾难
141,神偷奶爸,8.7,Mr. I Don't Care其实也有Care的时候。,主演: ...,导演: 皮艾尔·柯芬 Pierre Coffin / 克里斯·雷纳德 Chris Renaud,2010,美国 法国,喜剧 动画 冒险
142,被解救的姜戈,8.8,热血沸腾，那个低俗、性感的无耻混蛋又来了。,主演: 杰米·福克斯 Jamie Foxx /...,导演: 昆汀·塔伦蒂诺 Quentin Tarantino,2012,美国,剧情 动作 西部 冒险
143,玛丽和马克思,9.0,你是我最好的朋友，你是我唯一的朋友 。,主演: 托妮·科莱特 Toni Collette / 菲利...,导演: 亚当·艾略特 Adam Elliot,2009,澳大利亚 美国,剧情 喜剧 动画
144,告白,8.8,没有一人完全善，也没有一人完全恶。,主演: 松隆子 Takako Matsu / 冈田将生 ...,导演: 中岛哲也 Tetsuya Nakashima,2010,日本,剧情 悬疑
145,大鱼,8.8,抱着梦想而活着的人是幸福的，怀抱梦想而死去的人是不朽的。,主演: 伊万·麦克格雷格 Ewan McGregor / 阿...,导演: 蒂姆·波顿 Tim Burton,2003,美国,剧情 家庭 奇幻 冒险
146,哪吒闹海,9.2,想你时你在闹海。,主演: 梁正晖 Zhenghui ...,导演: 王树忱 Shuchen Wang / 严定宪 Dingxian Yan,1979,中国大陆,冒险 动画 奇幻
147,射雕英雄传之东成西就,8.7,百看不厌。 ,主演: 梁朝伟 Tony Leung Chiu Wai / 林青霞 Bri...,导演: 刘镇伟 Jeffrey Lau,1993,中国香港,喜剧 奇幻 武侠 古装
148,头号玩家,8.7,写给影迷，动漫迷和游戏迷的一封情书。,主演: 泰伊·谢里丹 Tye Sheri...,导演: 史蒂文·斯皮尔伯格 Steven Spielberg,2018,美国,动作 科幻 冒险
149,模仿游戏,8.8,他给机器起名“克里斯托弗”，因为这是他初恋的名字。,主演: 本尼迪克特·康伯巴奇 Benedict C...,导演: 莫滕·泰杜姆 Morten Tyldum,2014,英国 美国,剧情 传记 战争 同性
150,喜宴,9.0,中国家庭的喜怒哀乐忍。,主演: 赵文瑄 Winston Chao / 归亚蕾 Ya-lei Kuei / 郎...,导演: 李安 Ang Lee,1993,中国台湾 美国,剧情 喜剧 爱情 同性 家庭
151,阳光姐妹淘,8.8,再多各自牛逼的时光，也比不上一起傻逼的岁月。 ,主演: 沈恩京 Eun-kyung Shim / 闵孝琳 Hy...,导演: 姜炯哲 Hyeong-Cheol Kang,2011,韩国,剧情 喜剧
152,我是山姆,9.0,爱并不需要智商 。,主演: Sean Penn / Dakota Fanning / Mi...,导演: 杰茜·尼尔森 Jessie Nelson,2001,美国,剧情 家庭
153,九品芝麻官,8.7,,主演: 周星驰 Stephen Chow / 吴孟达 Man Tat Ng / ...,导演: 王晶 Jing Wong,1994,中国香港 中国大陆,剧情 喜剧 古装
154,茶馆,9.6,,主演: 于是之 Shizhi Yu / 郑榕 Rong Zhen / 蓝天野 T...,导演: 谢添 Tian Xie,1982(中国大陆),中国大陆,剧情 历史
155,恐怖直播,8.7,恐怖分子的“秋菊打官司”。,主演: 河正宇 Jung-woo Ha / 李璟荣 Kyeong-y...,导演: 金秉祐 Byeong-woo Kim,2013,韩国,剧情 犯罪 悬疑
156,花样年华,8.7,偷情本没有这样美。,主演: 梁朝伟 Tony Leung Chiu Wai / 张曼玉 Ma...,导演: 王家卫 Kar Wai Wong,2000,中国香港,剧情 爱情
157,血战钢锯岭,8.7,优秀的战争片不会美化战场，不会粉饰死亡，不会矮化敌人，不会无视常识，最重要的，不会宣扬战争。,主演: 安德鲁·加菲尔德 Andrew Garfield /...,导演: 梅尔·吉布森 Mel Gibson,2016,澳大利亚 美国,剧情 传记 历史 战争
158,七武士,9.3,时代悲歌。,主演: 三船敏郎 Toshirô Mifune / 志村乔 ...,导演: 黑泽明 Akira Kurosawa,1954,日本,动作 冒险 剧情
159,色，戒,8.7,假戏真情，爱欲深海,主演: 梁朝伟 Tony Leung Chiu Wai / 汤唯 Wei Tang / ...,导演: 李安 Ang Lee,2007,中国台湾 中国大陆 美国 中国香港,剧情 爱情 情色
160,头脑特工队,8.8,愿我们都不用长大，每一座城堡都能永远存在。,,导演: 彼特·道格特 Pete Docter / 罗纳尔多·德尔·卡门 Ronaldo Del Carmen  &nb...,2015,美国,喜剧 动画 冒险
161,惊魂记,9.0,故事的反转与反转，分裂电影的始祖。,主演: 安东尼·博金斯 Antho...,导演: 阿尔弗雷德·希区柯克 Alfred Hitchcock,1960,美国,悬疑 惊悚 恐怖
162,黑客帝国3：矩阵革命,8.8,不得不说，《黑客帝国》系列是商业片与科幻、哲学完美结合的典范。,...,导演: 拉娜·沃卓斯基 Lana Wachowski / 莉莉·沃卓斯基 Lilly Wachowski,2003,美国,动作 科幻
163,你的名字。,8.5,穿越错位的时空，仰望陨落的星辰，你没留下你的名字，我却无法忘记那句“我爱你”。,主演: 神木隆之介 Ryûnosuke Kamiki / 上...,导演: 新海诚 Makoto Shinkai,2016,日本,剧情 爱情 动画
164,电锯惊魂,8.8,真相就在眼前。,主演: 雷·沃纳尔 Leigh Whannell / 加利·艾...,导演: 詹姆斯·温 James Wan,2004,美国,悬疑 惊悚 恐怖
165,三块广告牌,8.7,怼天怼地，你走后，她与世界为敌。,主演: 弗兰西斯·麦克多蒙德 France...,导演: 马丁·麦克唐纳 Martin McDonagh,2017,英国 美国,剧情 犯罪
166,达拉斯买家俱乐部,8.8,Jared Leto的腿比女人还美！,主演: 马修·麦康纳 Matthew McCon...,导演: 让-马克·瓦雷 Jean-Marc Vallée,2013,美国,剧情 传记 同性
167,疯狂原始人,8.7,老少皆宜，这就是好莱坞动画的魅力。,主演...,导演: 科克·德·米科 Kirk De Micco / 克里斯·桑德斯 Chris Sanders,2013,美国,喜剧 动画 冒险
168,心迷宫,8.7,荒诞讽刺，千奇百巧，抽丝剥茧，百转千回。,主演: 霍卫民 Weimin Huo / 王笑天 Xiaotian Wang ...,导演: 忻钰坤 Yukun Xin,2014,中国大陆,剧情 犯罪 悬疑
169,谍影重重3,8.8,像吃了苏打饼一样干脆的电影。,主演: 马特·达蒙 Matt Damon / ...,导演: 保罗·格林格拉斯 Paul Greengrass,2007,美国 德国 法国 英国,动作 悬疑 惊悚
170,上帝之城,9.0,被上帝抛弃了的上帝之城。,,导演: 费尔南多·梅里尔斯 Fernando Meirelles / 卡迪亚·兰德 Kátia Lund  &nbsp...,2002,巴西 法国,犯罪 剧情
171,英雄本色,8.6,英雄泪短，兄弟情长。 ,主演: 周润发 Yun-Fat Chow / 狄龙 Lung Ti / 张国...,导演: 吴宇森 John Woo,1986,中国香港,剧情 动作 犯罪
172,卢旺达饭店,8.9,当这个世界闭上双眼，他却敞开了怀抱。,主演: 唐·钱德尔 Don Cheadle / 苏菲·奥...,导演: 特瑞·乔治 Terry George,2004,英国 南非 意大利 美国,剧情 传记 历史 战争
173,纵横四海,8.8,香港浪漫主义警匪动作片的巅峰之作。,主演: 周润发 Yun-Fat Chow / 张国荣 Leslie Cheung...,导演: 吴宇森 John Woo,1991,中国香港,剧情 喜剧 动作 犯罪
174,风之谷,8.9,动画片的圣经。,主演: 岛本须美 Sumi Shimamoto / 松田洋治 Y...,导演: 宫崎骏 Hayao Miyazaki,1984,日本,动画 奇幻 冒险
175,海街日记,8.8,是枝裕和的家庭习作。,主演: 绫濑遥 Haruka Ayase / 长泽雅美 M...,导演: 是枝裕和 Hirokazu Koreeda,2015,日本,剧情 家庭
176,爱在午夜降临前,8.9,所谓爱情，就是话唠一路，都不会心生腻烦，彼此嫌弃。,主演: 伊桑·霍克 Ethan Hawke ...,导演: 理查德·林克莱特 Richard Linklater,2013,美国 希腊,剧情 爱情
177,绿里奇迹,8.9,天使暂时离开。,主演: 汤姆·汉克斯 Tom Hanks / ...,导演: 弗兰克·德拉邦特 Frank Darabont,1999,美国,犯罪 剧情 奇幻 悬疑
178,记忆碎片,8.7,一个针管引发的血案。,主演: 盖·皮尔斯 Guy Pearce /...,导演: 克里斯托弗·诺兰 Christopher Nolan,2000,美国,犯罪 剧情 悬疑 惊悚
179,岁月神偷,8.7,岁月流逝，来日可追。,主演: 吴君如 Sandra Ng / 任达华 Simon Yam / 钟绍...,导演: 罗启锐 Alex Law,2010,中国香港 中国大陆,剧情 家庭
180,忠犬八公物语,9.2,养狗三日，便会对你终其一生。,主演: 仲代达矢 Tatsuya Nakadai /...,导演: 神山征二郎 Seijirô Kôyama,1987,日本,剧情
181,荒蛮故事,8.8,始于荒诞，止于更荒诞。,主演: 达里奥·葛兰帝内提 Darío...,导演: 达米安·斯兹弗隆 Damián Szifron,2014,阿根廷 西班牙,剧情 喜剧 犯罪
182,疯狂的石头,8.6,中国版《两杆大烟枪》。,主演: 郭涛 Tao Guo / 刘桦 Hua Liu / 连晋 Teddy Lin,导演: 宁浩 Hao Ning,2006,中国大陆 中国香港,喜剧 犯罪
183,雨中曲,9.1,骨灰级歌舞片。,主演: 吉恩·...,导演: 斯坦利·多南 Stanley Donen / 吉恩·凯利 Gene Kelly,1952,美国,喜剧 歌舞 爱情
184,小偷家族,8.7,我们组成了家。,主演: 中川雅也 Lily Franky / 安藤樱 Sa...,导演: 是枝裕和 Hirokazu Koreeda,2018,日本,剧情 犯罪 家庭
185,爆裂鼓手,8.7,这个世界从不善待努力的人，努力了也不一定会成功，但是知道自己在努力，就是活下去的动力。,主演: 迈尔斯·特勒 Miles Teller /...,导演: 达米恩·查泽雷 Damien Chazelle,2014,美国,剧情 音乐
186,2001太空漫游,8.9,现代科幻电影的开山之作，最伟大导演的最伟大影片。,主演: 凯尔·杜拉 Keir Dullea / ...,导演: 斯坦利·库布里克 Stanley Kubrick,1968,英国 美国,科幻 惊悚 冒险
187,无敌破坏王,8.7,迪士尼和皮克斯拿错剧本的产物。,主演: 约翰·C·赖利 John C. Reilly / 萨拉...,导演: 瑞奇·莫尔 Rich Moore,2012,美国,喜剧 动画 奇幻 冒险
188,小丑,8.7,,主演: 杰昆·菲尼克斯 Joaquin Phoeni...,导演: 托德·菲利普斯 Todd Phillips,2019,美国 加拿大,剧情 犯罪 惊悚
189,背靠背，脸对脸,9.5,,主演: 牛振华 Zhenhua N...,导演: 黄建新 Jianxin Huang / 杨亚洲 Yazhou Yang,1994,中国大陆 中国香港,剧情
190,无间道2,8.7,,主演: 陈冠希 Edison Chen / 余文乐 Shawn Yue / 曾...,导演: 刘伟强 / 麦兆辉,2003,中国香港,剧情 犯罪 惊悚
191,贫民窟的百万富翁,8.6,上帝之城+猜火车+阿甘正传+开心辞典=山寨富翁,主演: 戴夫...,导演: 丹尼·鲍尔 Danny Boyle / 洛芙琳·坦丹 Loveleen Tandan,2008,英国,剧情 爱情
192,冰川时代,8.6,松鼠才是角儿。,主演...,导演: 卡洛斯·沙尔丹哈 Carlos Saldanha / 克里斯·韦奇 Chris Wedge,2002,美国,喜剧 动画 冒险
193,东邪西毒,8.6,电影诗。,主演: 张国荣 Leslie Cheung / 林青霞 Brigitte...,导演: 王家卫 Kar Wai Wong,1994,中国香港 中国台湾,剧情 动作 爱情 武侠 古装
194,恐怖游轮,8.5,不要企图在重复中寻找已经失去的爱。,主演: 梅利莎·乔治 Melissa ...,导演: 克里斯托弗·史密斯 Christopher Smith,2009,英国 澳大利亚,剧情 悬疑 惊悚
195,心灵奇旅,8.7,,主演: 杰米·...,导演: 彼特·道格特 Pete Docter / 凯普·鲍尔斯 Kemp Powers,2020,美国,动画 奇幻 音乐
196,牯岭街少年杀人事件,8.9,弱者送给弱者的一刀。,主演: 张震 Chen Chang / 杨静怡 Lisa Yang / 张...,导演: 杨德昌 Edward Yang,1991,中国台湾,剧情 犯罪
197,真爱至上,8.6,爱，是个动词。,主演: 休·格兰特 Hugh Grant / 柯林...,导演: 理查德·柯蒂斯 Richard Curtis,2003,英国 美国 法国,喜剧 剧情 爱情
198,遗愿清单,8.7,用剩余不多的时间，去燃烧整个生命。,主演: 杰克·尼科尔森 Jack Nicholson / 摩根...,导演: 罗伯·莱纳 Rob Reiner,2007,美国,冒险 喜剧 剧情
199,你看起来好像很好吃,8.9,感情不分食草或者食肉。,主演: 山口胜平 Kappei Yamaguchi / 爱河...,导演: 藤森雅也 Masaya Fujimori,2010,日本,剧情 动画 儿童
200,魔女宅急便,8.7,宫崎骏的电影总让人感觉世界是美好的，阳光明媚的。,主演: 高山南 Minami Takayama / 佐久间玲 Re...,导演: 宫崎骏 Hayao Miyazaki,1989,日本,动画 奇幻 冒险
201,东京教父,9.0,,主演: 江守彻 Toru Emori / 梅垣义明 Yoshiaki Ume...,导演: 今敏 Satoshi Kon,2003,日本,剧情 喜剧 动画
202,大佛普拉斯,8.7,人们可以登上月球，却永远无法探索人们内心的宇宙。,主演: 庄益增 Yizeng Zhuang / 陈竹昇 Chu-sh...,导演: 黄信尧 Hsin-yao Huang,2017,中国台湾,剧情 喜剧
203,黑天鹅,8.6,黑暗之美。,主演: 娜塔莉·波特曼 Natalie...,导演: 达伦·阿罗诺夫斯基 Darren Aronofsky,2010,美国,剧情 惊悚
204,可可西里,8.9,坚硬的信仰。,主演: 多布杰 Duobujie / 张磊 Lei Zhang / 亓亮 Qi L...,导演: 陆川 Chuan Lu,2004,中国大陆 中国香港,剧情 犯罪
205,城市之光,9.3,永远的小人物，伟大的卓别林。,主演: 查理·卓别林 Charles Chaplin / 弗吉尼亚·...,导演: Charles Chaplin,1931,美国,喜剧 剧情 爱情
206,源代码,8.5,邓肯·琼斯继《月球》之后再度奉献出一部精彩绝伦的科幻佳作。,主演: 杰克·吉伦哈尔 Jake Gyllenhaal / ...,导演: 邓肯·琼斯 Duncan Jones,2011,美国 加拿大,科幻 悬疑 惊悚
207,雨人,8.7,生活在自己的世界里，也可以让周围的人显得可笑和渺小。,主演: 达斯汀·霍夫曼 Dustin Hoffman ...,导演: 巴瑞·莱文森 Barry Levinson,1988,美国,剧情
208,恋恋笔记本,8.5,爱情没有那么多借口，如果不能圆满，只能说明爱的不够。 ,主演: 瑞恩·高斯林 Ryan Gosling /...,导演: 尼克·卡索维茨 Nick Cassavetes,2004,美国,剧情 爱情
209,海边的曼彻斯特,8.6,我们都有权利不与自己的过去和解。,主演: 卡西·阿弗莱克 Casey Affle...,导演: 肯尼斯·罗纳根 Kenneth Lonergan,2016,美国,剧情 家庭
210,初恋这件小事,8.5,黑小鸭速效美白记。,,导演: 普特鹏·普罗萨卡·那·萨克那卡林 Puttipong Promsaka Na Sakolnakorn / 华森·波克彭...,2010,泰国,剧情 喜剧 爱情
211,人工智能,8.7,对爱的执着，可以超越一切。,主演: 海利·乔·奥斯蒙 Haley...,导演: 史蒂文·斯皮尔伯格 Steven Spielberg,2001,美国 英国,剧情 科幻
212,虎口脱险,8.9,永远看不腻的喜剧。,主演: 路易·德·菲耐斯 Louis de Funès...,导演: 杰拉尔·乌里 Gérard Oury,1966,法国 英国,喜剧 战争
213,波西米亚狂想曲,8.6,,主演: 拉米·马雷克 Rami Malek / 本·哈...,导演: 布莱恩·辛格 Bryan Singer,2018,英国 美国,剧情 传记 同性 音乐
214,青蛇,8.6,人生如此，浮生如斯。谁人言，花彼岸，此生情长意短。谁都是不懂爱的罢了。,主演: 张曼玉 Maggie Cheung / 王祖贤 Joey Wang / ...,导演: 徐克 Hark Tsui,1993,中国香港 中国大陆,剧情 爱情 奇幻 古装
215,终结者2：审判日,8.8,少见的超越首部的续集，动作片中的经典。,主演: 阿诺·施瓦辛格 Arnold Schwarz...,导演: 詹姆斯·卡梅隆 James Cameron,1991,美国 法国,动作 科幻
216,罗生门,8.8,人生的N种可能性。,主演: 三船敏郎 Toshirô Mifune / 京町子 ...,导演: 黑泽明 Akira Kurosawa,1950,日本,剧情 犯罪 悬疑
217,萤火虫之墓,8.7,幸福是生生不息，却难以触及的远。 ,主演: 辰己努 / 白石绫乃 / 志乃原良子,导演: 高畑勋 Isao Takahata,1988,日本,动画 剧情 战争
218,疯狂的麦克斯4：狂暴之路,8.7,“多么美好的一天！”轰轰轰砰咚，啪哒哒哒轰隆隆，磅~,主演: 汤姆·哈迪 Tom Hardy / 查理兹·塞...,导演: 乔治·米勒 George Miller,2015,澳大利亚 美国,动作 科幻 冒险
219,新龙门客栈,8.7,嬉笑怒骂，调风动月。,主演: 张曼玉 Maggie Cheung / 林青霞 Brigitte ...,导演: 李惠民 Raymond Lee,1992,中国香港 中国大陆,动作 爱情 武侠 古装
220,千钧一发,8.8,一部能引人思考的科幻励志片。,主演: 伊桑·霍克 Ethan Hawke / 乌玛...,导演: 安德鲁·尼科尔 Andrew Niccol,1997,美国,剧情 科幻 惊悚
221,无耻混蛋,8.6,昆汀同学越来越变态了，比北野武还杜琪峰。,主演: 布拉德·皮特 Brad Pitt / ...,导演: 昆汀·塔伦蒂诺 Quentin Tarantino,2009,德国 美国,剧情 犯罪
222,崖上的波妞,8.6,,主演: 奈良柚莉爱 Yuria Nara / 土井洋辉 Hir...,导演: 宫崎骏 Hayao Miyazaki,2008,日本,动画 奇幻 冒险
223,奇迹男孩,8.6,世界不完美，爱会有奇迹。,主演: 雅各布·特伦布莱 Jacob Tr...,导演: 斯蒂芬·卓博斯基 Stephen Chbosky,2017,美国 中国香港,剧情 儿童 家庭
224,末路狂花,8.9,没有了退路，只好飞向自由。,主演: 吉娜·戴维斯 Geena Davis / 苏...,导演: 雷德利·斯科特 Ridley Scott,1991,美国 英国 法国,犯罪 剧情 惊悚
225,二十二,8.7,有一些东西不应该被遗忘。,主演: ,导演: 郭柯 Ke Guo,2015,中国大陆,纪录片
226,彗星来的那一夜,8.6,小成本大魅力。,主演: 艾米丽·芭尔多尼 Em...,导演: 詹姆斯·沃德·布柯特 James Ward Byrkit,2013,美国 英国,科幻 悬疑 惊悚
227,黑客帝国2：重装上阵,8.7,一个精彩的世界观正在缓缓建立。,...,导演: 拉娜·沃卓斯基 Lana Wachowski / 莉莉·沃卓斯基 Lilly Wachowski,2003,美国,动作 科幻
228,花束般的恋爱,8.6,,主演: 菅田将晖 Masaki Suda / 有村架纯 Kasu...,导演: 土井裕泰 Nobuhiro Doi,2021,日本,剧情 爱情
229,爱乐之城,8.4,,主演: 瑞恩·高斯林 Ryan Gosling /...,导演: 达米恩·查泽雷 Damien Chazelle,2016,美国,剧情 爱情 歌舞
230,血钻,8.7,每个美丽事物背后都是滴血的现实。,主演: 莱昂纳多·迪卡普里奥 Leonardo ...,导演: 爱德华·兹威克 Edward Zwick,2006,美国 德国 英国,剧情 惊悚 冒险
231,房间,8.8,被偷走的岁月，被伤害的生命，被禁锢的灵魂，终将被希望和善意救赎。,主演: 布丽·拉尔森 Brie Larson...,导演: 伦尼·阿伯拉罕森 Lenny Abrahamson,2015,爱尔兰 加拿大 英国 美国,剧情 家庭
232,战争之王,8.7,做一颗让别人需要你的棋子。,主演: 尼古拉斯·凯奇 Nicolas Cage /...,导演: 安德鲁·尼科尔 Andrew Niccol,2005,法国 德国 美国,剧情 犯罪
233,步履不停,8.8,日本的家庭电影已经是世界巅峰了，步履不停是巅峰中的佳作。,主演: 阿部宽 Hiroshi Abe / 夏川结衣 Yu...,导演: 是枝裕和 Hirokazu Koreeda,2008,日本,剧情 家庭
234,魂断蓝桥,8.8,中国式内在的美国电影。,主演: 费雯·丽 Vivien Leigh / 罗伯特·...,导演: 茂文·勒鲁瓦 Mervyn LeRoy,1940,美国,剧情 爱情 战争
235,火星救援,8.5,,主演: 马特·达蒙 Matt Damon / 杰西卡...,导演: 雷德利·斯科特 Ridley Scott,2015,英国 美国 匈牙利 约旦,剧情 科幻 冒险
236,芙蓉镇,9.3,,主演: 刘晓庆 Xiaoqing Liu / 姜文 Wen Jiang / 郑在石...,导演: 谢晋 Jin Xie,1987,中国大陆,剧情 爱情
237,哈利·波特与死亡圣器(上),8.5,最忠于原著的一部。,主演: 丹尼尔·雷德克里夫 Daniel Radcliffe...,导演: 大卫·叶茨 David Yates,2010,英国 美国,奇幻 冒险
238,千年女优,8.8,爱情是一场没有尽头的虚幻追逐。,主演: 庄司美代子 Miyoko Shôji / 小山茉美 Mam...,导演: 今敏 Satoshi Kon,2001,日本,动画 剧情 爱情
239,谍影重重2,8.7,谁说王家卫镜头很晃？,主演: 马特·达蒙 Matt Damon / ...,导演: 保罗·格林格拉斯 Paul Greengrass,2004,美国 德国,动作 悬疑 惊悚
240,阿飞正传,8.5,王家卫是一种风格，张国荣是一个代表。,主演: 张国荣 Leslie Cheung / 张曼玉 Maggie C...,导演: 王家卫 Kar Wai Wong,1990,中国香港,犯罪 剧情 爱情
241,燃情岁月,8.8,传奇，不是每个人都可以拥有。,主演: 布拉德·皮特 Brad Pitt / 安东...,导演: 爱德华·兹威克 Edward Zwick,1994,美国,剧情 爱情 战争 西部
242,弱点,8.7,拍掉身上的悲伤，从今天开始重新踏上追梦之旅。,主演: 桑德拉·布洛克 Sandra Bu...,导演: 约翰·李·汉考克 John Lee Hancock,2009,美国,剧情 家庭 传记 运动
243,谍影重重,8.6,哗啦啦啦啦，天在下雨，哗啦啦啦啦，云在哭泣……找自己。,主演: 马特·达蒙 Matt Damon / 弗兰卡·波坦...,导演: 道格·里曼 Doug Liman,2002,美国 德国 捷克,动作 悬疑 惊悚
244,朗读者,8.6,当爱情跨越年龄的界限，它似乎能变得更久远一点，成为一种责任，一种水到渠成的相濡以沫。 ,主演: 凯特·温丝莱特 Kate Winslet ...,导演: 史蒂芬·戴德利 Stephen Daldry,2008,美国 德国,剧情 爱情
245,再次出发之纽约遇见你,8.6,爱我就给我看你的播放列表。,主演: 凯拉·奈特莉 Keira Knightley / 马克...,导演: 约翰·卡尼 John Carney,2013,美国,喜剧 爱情 音乐
246,哈利·波特与凤凰社,8.5,,主演: 丹尼尔·雷德克里夫 Daniel Radcliffe...,导演: 大卫·叶茨 David Yates,2007,英国 美国,奇幻 冒险
247,白日梦想家,8.6,,主演: 本·斯蒂勒 Ben Stiller / 克里斯汀·...,导演: 本·斯蒂勒 Ben Stiller,2013,美国 英国,剧情 喜剧 冒险
248,香水,8.5,一个单凭体香达到高潮的男人。,主演: 本·卫肖 Ben Whishaw / 艾伦·瑞克...,导演: 汤姆·提克威 Tom Tykwer,2006,德国 法国 西班牙 美国 比利时,剧情 犯罪 奇幻
249,海洋,9.1,大海啊，不全是水。,主演:...,导演: 雅克·贝汉 Jacques Perrin / 雅克·克鲁奥德 Jacques Cluzaud,2009,法国 瑞士 西班牙 美国 阿联酋 摩纳哥,纪录片
250,穿越时空的少女,8.6,爱上未来的你。 ,主演: 仲里依纱 Riisa Naka / 石田卓也 Takuya...,导演: 细田守 Mamoru Hosoda,2006,日本,剧情 爱情 科幻 动画
